Product,Ingredient Name,Amount,Unit
"Advanced Antioxidants","\ 8 Cups ARR aos JEN’","12","mg"
"Advanced Antioxidants","3mg oN","15","mg"
"Advanced Antioxidants","Hg ££","0.6","mg"
"Advanced Antioxidants","Vitamin K1 (as Phytonadione)","1500","mcg"
"Collagen","| Undenatured Type Il Collagen","10","mg"
"Essential Capsules",", 2 28mcg Ce","14","mg"
"Essential Capsules","PAPER ENA 3 brazilnuts iE. <5 Zinc,","15","mg"
"Essential Capsules","Cal (Folate) Cees","2000","IU"
"Essential Capsules","LLRs 35 02 ar 4007 ¢ li","15","mg"
"Essential Capsules","Po 22 = Al (Pantothenic \,","50","mg"
"Essential Capsules","Alo BR 200mcg ~~","125","mcg"
"Essential Capsules","Wms; Glucoraphanin, 3 \ 48 # Boron,","3","mg"
"Essential Capsules","oe © | |","300","mg"
"Essential Capsules","bh Img ZA Ee","67","mg"
"Essential Capsules","Vitamin E (d-alpha-Tocopherol)","67","mg"
"Essential Capsules","Niacin (as Niacinamide)","15","mg"
"Essential Capsules","Vitamin B12 (as Methylcobalamin)","125","mcg"
"Essential Capsules","Biotin","50","mcg"
"Essential Capsules","Pantothenic Acid (as D-Calcium Pantothenate)","6","mg"
"Essential Capsules","Calcium (from Carbonate and Dicalcium Phosphate)","50","mg"
"Essential Capsules","lodine (as Potassium lodide)","200","mcg"
"Essential Capsules","Zinc (as Bisglycinate)","15","mg"
"Essential Capsules","Selenium (as L-Selenomethionine)","28","mcg"
"Essential Capsules","Manganese (as Citrate)","1","mg"
"Extra Virgin Olive Oil","Saturated Fat","2","g"
"Longevity Mix","Teme. 7. 2500mg","1200","mg"
"Longevity Mix","( \ Glutarate 3 4","1000","mg"
"Longevity Mix","= SNR drink 6 iis","750","mg"
"Longevity Mix","10 cups","150","mg"
"Longevity Mix","Pn “|; 200mg ot A","250","mg"
"NAC + Ginger + Curcumin","(gd, ie Evidence » f","400","mg"
"NAC + Ginger + Curcumin","Ginger extract std. 26% Gingeroids","400","mg"
"Macadamia Protein Bar","-— 5 [] Saturated Fat","3","g"
"Macadamia Protein Bar","0 ° gq 3 | Monounsaturated Fat","8","g"
"Macadamia Protein Bar","2 a $ Sodium","190","mg"
"Macadamia Protein Bar","] > | Dietary Fiber","1","g"
"Macadamia Protein Bar","§ Protein","9","g"
"Macadamia Protein Bar","== ° Saturated Fat","4","g"
"Macadamia Protein Bar","0 ° g T | Monounsaturated Fat","8","g"
"Macadamia Protein Bar","2 - $ | Sodium","190","mg"
"Macadamia Protein Bar","pb [ Dietary Fiber","1","g"
"Macadamia Protein Bar",": Protein","9","g"
